t_video_s,points,time_disp,time_s,acc_pct,read_by
0,0,01:00,60,100,lead-visual
1,0,01:00,60,100,lead-visual
2,1490,00:59,59,100,lead-visual
3,4092,00:58,58,100,lead-visual
4,6331,00:57,57,100,lead-visual
5,8952,00:56,56,100,lead-visual
6,11578,00:55,55,100,lead-visual
7,14192,00:54,54,100,lead-visual
8,16809,00:53,53,100,lead-visual
9,18472,00:52,52,98,lead-visual
10,20506,00:51,51,97,lead-visual
11,22738,00:50,50,97,lead-visual
12,24792,00:49,49,96,lead-visual
13,27009,00:48,48,96,lead-visual
14,29617,00:47,47,96,lead-visual
15,31436,00:46,46,97,lead-visual
16,33660,00:45,45,97,lead-visual
17,35881,00:44,44,97,lead-visual
18,38498,00:43,43,97,lead-visual
19,40724,00:42,42,97,lead-visual
20,,00:41,41,98,lead-visual
21,45957,00:40,40,98,lead-visual
22,47808,00:39,39,97,lead-visual
23,49679,00:38,38,96,lead-visual
24,52276,00:37,37,97,lead-visual
25,54497,00:36,36,97,lead-visual
26,56717,00:35,35,97,lead-visual
27,58928,00:34,34,97,lead-visual
28,60198,00:33,33,96,lead-visual
29,62401,00:32,32,97,lead-visual
30,64617,00:31,31,97,lead-visual
31,66845,00:30,30,97,lead-visual
32,68878,00:29,29,96,lead-visual
33,70711,00:28,28,97,lead-visual
34,73305,00:27,27,97,lead-visual
35,75556,00:26,26,97,lead-visual
36,77743,00:25,25,97,lead-visual
37,79979,00:24,24,97,lead-visual
38,82583,00:23,23,97,lead-visual
39,84815,00:22,22,97,lead-visual
40,87037,00:21,21,97,lead-visual
41,88280,00:20,20,97,lead-visual
42,90886,00:19,19,97,lead-visual
43,93503,00:18,18,97,lead-visual
44,95728,00:17,17,97,lead-visual
45,97008,00:16,16,97,lead-visual
46,99039,00:15,15,96,lead-visual
47,101640,00:14,14,97,lead-visual
48,103885,00:13,13,97,lead-visual
49,105919,00:12,12,96,lead-visual
50,108146,00:11,11,96,lead-visual
51,110768,00:10,10,97,lead-visual
52,113381,00:09,9,97,lead-visual
53,114630,00:08,8,96,lead-visual
54,116847,00:07,7,96,lead-visual
55,119069,00:06,6,96,lead-visual
56,121107,00:05,5,96,lead-visual
57,122191,00:04,4,96,lead-visual
58,124806,00:03,3,96,lead-visual
59,126456,00:02,2,96,lead-visual
60,128683,00:01,1,96,lead-visual
61,130335,00:00,0,95,lead-visual
62,,,,,lead-visual
